"Brand","Position","Previous Position","Brand Value ($M)","Previous Brand Value ($M)","Rating","Previous Rating","Year","Previous Year"
"Apple",1,3,"263374.70","140524.32","AAA","AAA",,
"Amazon",2,1,"254187.58","220790.75","AAA+","AAA",,
"Google",3,2,"191214.84","188511.64","AAA","AAA",,
"Microsoft",4,4,"140435.35","117072.01","AAA","AAA",,
"Samsung Group",5,5,"102623.00","94494.00","AAA-","AAA-",,
"Walmart",6,8,"93185.28","77520.39","AA+","AA+",,
"Facebook",7,7,"81476.37","79804.43","AA+","AA+",,
"ICBC",8,6,"72788.38","80791.01","AAA","AAA",,
"Verizon",9,12,"68889.50","63692.08","AAA","AAA-",,
"WeChat",10,19,"67901.98","54146.08","AAA+","AAA+",,
"China Construction Bank",11,13,"59649.12","62602.22","AAA","AAA-",,
"Toyota",12,15,"59479.00","58076.00","AAA","AAA",,
"Mercedes-Benz",13,11,"58225.00","65041.00","AAA-","AAA-",,
"Tencent",14,26,"56432.39","44090.62","AAA","AAA+",,
"Huawei",15,10,"55395.83","65084.36","AAA","AAA-",,
"State Grid",16,16,"55202.86","56964.84","AAA-","AAA-",,
"Ping An",17,9,"54579.00","69041.00","AAA-","AAA-",,
"Taobao",18,36,"53335.29","36986.44","AAA","AAA-",,
"Agricultural Bank Of China",19,18,"53134.09","54657.80","AAA-","AAA-",,
"Home Depot",20,21,"52917.39","50508.29","AAA","AAA-",,
"AT&T",21,14,"51372.34","59103.13","AA","AA+",,
"Disney",22,17,"51244.01","56123.32","AAA+","AAA+",,
"Deutsche Telekom",23,30,"51107.03","39956.07","AA+","AA+",,
"Tmall",24,48,"49178.92","30651.99","AAA","AAA-",,
"Bank of China",25,20,"48689.28","50629.56","AAA","AAA-",,
"Volkswagen",26,25,"47020.00","44897.00","AAA-","AA+",,
"Moutai",27,31,"45333.22","39332.15","AAA","AAA",,
"Shell",28,23,"42156.08","47528.71","AAA","AAA",,
"BMW",29,29,"40447.11","40483.36","AAA-","AAA-",,
"Alibaba.com",30,92,"39155.52","18818.92","AAA","AA+",,
"Starbucks",31,27,"38440.12","41042.79","AAA-","AAA-",,
"China Mobile",32,22,"37558.89","49022.94","AAA-","AAA",,
"Saudi Aramco",33,24,"37478.64","46767.76","AA","AA",,
"Mitsubishi Group",34,34,"36296.92","37652.00","AA-","A+",,
"Marlboro",35,45,"35572.00","32671.00","AA+","AA+",,
"Porsche",36,40,"34325.53","33911.04","AAA-","AAA-",,
"NTT Group",37,37,"34238.00","36351.00","AA","AA",,
"McDonald's",38,35,"33838.36","37448.65","AAA","AAA",,
"Coca-Cola",39,33,"33166.17","37934.97","AAA+","AAA+",,
"Bank of America",40,38,"32787.35","35361.45","AA+","AA+",,
"Citi",41,43,"32199.99","33131.00","AAA-","AA+",,
"Tesla",42,147,"31985.90","12415.87","AA+","AA",,
"Intel",43,54,"31817.20","27507.18","AAA","AAA",,
"Wells Fargo",44,28,"31804.69","40881.04","AA+","AAA-",,
"PetroChina",45,32,"31414.63","38028.10","AA+","AAA-",,
"Honda",46,44,"31366.00","33102.00","AAA","AAA-",,
"Nike",47,39,"30443.30","34792.37","AAA","AAA",,
"CSCEC",48,60,"30383.30","24820.07","AA","AA-",,
"Lowe's",49,62,"30376.09","24756.74","AAA-","AA+",,
"UPS",50,49,"30055.96","29481.70","AA+","AAA-",,
"Costco",51,76,"28887.90","22603.51","AA+","AA",,
"Chase",52,47,"28849.24","31249.53","AA+","AA+",,
"IBM",53,42,"27428.00","33358.00","AA+","AAA-",,
"UnitedHealthcare",54,52,"27308.02","28323.55","AA","AA",,
"CVS",55,69,"26942.29","23182.46","AA+","AA",,
"Deloitte",56,46,"26661.77","32470.84","AAA+","AAA+",,
"VISA",57,55,"26507.84","26856.39","AAA","AAA",,
"Sinopec",58,41,"26397.98","33437.01","AA+","AAA-",,
"Oracle",59,66,"26156.75","23590.47","AA","AA",,
"accenture",60,58,"26028.06","25293.52","AAA","AAA-",,
"Wuliangye",61,78,"25768.07","20872.01","AAA","AAA-",,
"Xfinity",62,51,"25226.81","28828.36","AA","AA",,
"Instagram",63,56,"25073.11","26436.94","AAA","AAA",,
"Netflix",64,72,"24943.42","22944.70","AAA","AAA-",,
"Sumitomo Group",65,53,"24122.19","27903.00","A+","A+",,
"JP Morgan",66,74,"23565.13","22825.74","AAA","AAA-",,
"American Express",67,50,"23558.79","29160.48","AA+","AAA-",,
"JD.com",68,142,"23539.49","12938.00","AAA","AAA-",,
"FedEx",69,71,"23538.64","22990.38","AA","AA+",,
"Hyundai Group",70,81,"23092.43","20148.00","AA","A+",,
"Ford",71,93,"22676.00","18515.00","AA+","AA+",,
"China Life",72,57,"22578.00","25465.95","AAA-","AAA-",,
"Mitsui",73,63,"22495.82","24338.00","A+","AA-",,
"PWC",74,61,"22231.61","24807.53","AAA","AAA+",,
"Spectrum",75,89,"21423.61","19265.87","AA","AA",,
"BP",76,68,"21366.68","23267.12","AA","AA",,
"TATA Group",77,84,"21283.10","20001.42","AAA-","AA+",,
"SK Group",78,77,"21115.26","21517.00","AA","AA-",,
"China Merchants Bank",79,73,"21043.70","22883.67","AA+","AA+",,
"Target",80,114,"20685.19","15873.31","AA+","AA+",,
"Siemens Group",81,83,"20646.00","20056.55","AA+","AAA",,
"Uber",82,119,"20477.90","15297.46","AA-","AA+",,
"EY",83,65,"20287.40","23704.99","AAA+","AAA",,
"Allianz",84,59,"20203.93","24837.77","AA+","AAA-",,
"Evergrande",85,79,"20188.86","20552.42","AA+","AA",,
"Cisco",86,67,"20122.38","23321.80","AA+","AA+",,
"Country Garden",87,102,"19490.22","17132.49","AA","AA-",,
"Nestle",88,80,"19427.99","20308.63","AAA","AAA-",,
"Vodafone",89,90,"19252.35","19120.55","AA+","AA+",,
"Mastercard",90,85,"19117.21","19838.18","AAA-","AAA-",,
"Orange",91,95,"19091.87","18130.55","AA+","AA+",,
"LG Group",92,101,"18519.05","17144.00","AA+","AA",,
"Dell Technologies",93,99,"18427.00","17630.00","AA","AA",,
"Bosch",94,86,"18380.74","19595.56","AA+","AA+",,
"Pepsi",95,91,"18365.05","18921.74","AAA","AAA",,
"Total",96,70,"18122.48","23156.65","AA+","AA+",,
"General Electric",97,64,"18028.43","24204.55","AA+","AAA-",,
"SAP",98,107,"17991.50","16549.67","AA-","AA-",,
"IKEA",99,87,"17977.19","19498.79","AAA-","AAA-",,
"Volvo",100,105,"17750.00","16914.00","AA+","AA",,
"AXA",101,111,"ğŸ”’","ğŸ”’","ğŸ”’","ğŸ”’",,
"YouTube",102,110,"ğŸ”’","ğŸ”’","ğŸ”’","ğŸ”’",,
"Audi",103,104,"ğŸ”’","ğŸ”’","ğŸ”’","ğŸ”’",,
"Vanke",104,150,"ğŸ”’","ğŸ”’","ğŸ”’","ğŸ”’",,
"HSBC",105,88,"ğŸ”’","ğŸ”’","ğŸ”’","ğŸ”’",,
"PayPal",106,115,"ğŸ”’","ğŸ”’","ğŸ”’","ğŸ”’",,
"Nissan",107,96,"ğŸ”’","ğŸ”’","ğŸ”’","ğŸ”’",,
"Walgreens",108,124,"ğŸ”’","ğŸ”’","ğŸ”’","ğŸ”’",,
"Hitachi",109,129,"ğŸ”’","ğŸ”’","ğŸ”’","ğŸ”’",,
"TD",110,113,"ğŸ”’","ğŸ”’","ğŸ”’","ğŸ”’",,
"Chevron",111,97,"ğŸ”’","ğŸ”’","ğŸ”’","ğŸ”’",,
"CRCC",112,151,"ğŸ”’","ğŸ”’","ğŸ”’","ğŸ”’",,
"Anthem",113,106,"ğŸ”’","ğŸ”’","ğŸ”’","ğŸ”’",,
"RBC",114,117,"ğŸ”’","ğŸ”’","ğŸ”’","ğŸ”’",,
"Sony",115,144,"ğŸ”’","ğŸ”’","ğŸ”’","ğŸ”’",,
"Bank of Communications",116,121,"ğŸ”’","ğŸ”’","ğŸ”’","ğŸ”’",,
"GUCCI",117,98,"ğŸ”’","ğŸ”’","ğŸ”’","ğŸ”’",,
"Aldi",118,130,"ğŸ”’","ğŸ”’","ğŸ”’","ğŸ”’",,
"CPIC",119,132,"ğŸ”’","ğŸ”’","ğŸ”’","ğŸ”’",,
"KFC",120,103,"ğŸ”’","ğŸ”’","ğŸ”’","ğŸ”’",,
"Shanghai Pudong Development Bank",121,134,"ğŸ”’","ğŸ”’","ğŸ”’","ğŸ”’",,
"CRECG",122,163,"ğŸ”’","ğŸ”’","ğŸ”’","ğŸ”’",,
"Louis Vuitton",123,109,"ğŸ”’","ğŸ”’","ğŸ”’","ğŸ”’",,
"au",124,116,"ğŸ”’","ğŸ”’","ğŸ”’","ğŸ”’",,
"China CITIC Bank",125,140,"ğŸ”’","ğŸ”’","ğŸ”’","ğŸ”’",,
"Adidas",126,108,"ğŸ”’","ğŸ”’","ğŸ”’","ğŸ”’",,
"Santander",127,100,"ğŸ”’","ğŸ”’","ğŸ”’","ğŸ”’",,
"AIA",128,94,"ğŸ”’","ğŸ”’","ğŸ”’","ğŸ”’",,
"NetEase",129,141,"ğŸ”’","ğŸ”’","ğŸ”’","ğŸ”’",,
"Goldman Sachs",130,161,"ğŸ”’","ğŸ”’","ğŸ”’","ğŸ”’",,
"Chevrolet",131,133,"ğŸ”’","ğŸ”’","ğŸ”’","ğŸ”’",,
"Boeing",132,75,"ğŸ”’","ğŸ”’","ğŸ”’","ğŸ”’",,
"Postal Savings Bank",133,137,"ğŸ”’","ğŸ”’","ğŸ”’","ğŸ”’",,
"ExxonMobil",134,118,"ğŸ”’","ğŸ”’","ğŸ”’","ğŸ”’",,
"Humana",135,146,"ğŸ”’","ğŸ”’","ğŸ”’","ğŸ”’",,
"China Telecom",136,82,"ğŸ”’","ğŸ”’","ğŸ”’","ğŸ”’",,
"Chanel",137,136,"ğŸ”’","ğŸ”’","ğŸ”’","ğŸ”’",,
"Salesforce",138,176,"ğŸ”’","ğŸ”’","ğŸ”’","ğŸ”’",,
"ZARA",139,128,"ğŸ”’","ğŸ”’","ğŸ”’","ğŸ”’",,
"UNIQLO",140,143,"ğŸ”’","ğŸ”’","ğŸ”’","ğŸ”’",,
"Capital One",141,127,"ğŸ”’","ğŸ”’","ğŸ”’","ğŸ”’",,
"SoftBank",142,112,"ğŸ”’","ğŸ”’","ğŸ”’","ğŸ”’",,
"China Minsheng Bank",143,184,"ğŸ”’","ğŸ”’","ğŸ”’","ğŸ”’",,
"Optum",144,153,"ğŸ”’","ğŸ”’","ğŸ”’","ğŸ”’",,
"BNP Paribas",145,138,"ğŸ”’","ğŸ”’","ğŸ”’","ğŸ”’",,
"H&M",146,135,"ğŸ”’","ğŸ”’","ğŸ”’","ğŸ”’",,
"TSMC",147,218,"ğŸ”’","ğŸ”’","ğŸ”’","ğŸ”’",,
"KPMG",148,125,"ğŸ”’","ğŸ”’","ğŸ”’","ğŸ”’",,
"MUFG",149,192,"ğŸ”’","ğŸ”’","ğŸ”’","ğŸ”’",,
"Industrial Bank",150,174,"ğŸ”’","ğŸ”’","ğŸ”’","ğŸ”’",,
"Cartier",151,123,"ğŸ”’","ğŸ”’","ğŸ”’","ğŸ”’",,
"Petronas",152,120,"ğŸ”’","ğŸ”’","ğŸ”’","ğŸ”’",,
"Enel",153,155,"ğŸ”’","ğŸ”’","ğŸ”’","ğŸ”’",,
"JR",154,152,"ğŸ”’","ğŸ”’","ğŸ”’","ğŸ”’",,
"Adobe",155,194,"ğŸ”’","ğŸ”’","ğŸ”’","ğŸ”’",,
"HermÃ¨s",156,154,"ğŸ”’","ğŸ”’","ğŸ”’","ğŸ”’",,
"Universal",157,126,"ğŸ”’","ğŸ”’","ğŸ”’","ğŸ”’",,
"Lidl",158,148,"ğŸ”’","ğŸ”’","ğŸ”’","ğŸ”’",,
"Greenland",159,159,"ğŸ”’","ğŸ”’","ğŸ”’","ğŸ”’",,
"Longfor Properties",160,198,"ğŸ”’","ğŸ”’","ğŸ”’","ğŸ”’",,
"GEICO",161,175,"ğŸ”’","ğŸ”’","ğŸ”’","ğŸ”’",,
"Sam's Club",162,182,"ğŸ”’","ğŸ”’","ğŸ”’","ğŸ”’",,
"ADNOC",163,160,"ğŸ”’","ğŸ”’","ğŸ”’","ğŸ”’",,
"Johnson & Johnson",164,170,"ğŸ”’","ğŸ”’","ğŸ”’","ğŸ”’",,
"Lockheed Martin",165,145,"ğŸ”’","ğŸ”’","ğŸ”’","ğŸ”’",,
"China Everbright Bank",166,183,"ğŸ”’","ğŸ”’","ğŸ”’","ğŸ”’",,
"L'OrÃ©al",167,156,"ğŸ”’","ğŸ”’","ğŸ”’","ğŸ”’",,
"Warner Bros",168,164,"ğŸ”’","ğŸ”’","ğŸ”’","ğŸ”’",,
"Tesco",169,166,"ğŸ”’","ğŸ”’","ğŸ”’","ğŸ”’",,
"ING",170,162,"ğŸ”’","ğŸ”’","ğŸ”’","ğŸ”’",,
"Renault",171,168,"ğŸ”’","ğŸ”’","ğŸ”’","ğŸ”’",,
"Sephora",172,169,"ğŸ”’","ğŸ”’","ğŸ”’","ğŸ”’",,
"Panasonic",173,158,"ğŸ”’","ğŸ”’","ğŸ”’","ğŸ”’",,
"Midea",174,149,"ğŸ”’","ğŸ”’","ğŸ”’","ğŸ”’",,
"China Resources Land",175,222,"ğŸ”’","ğŸ”’","ğŸ”’","ğŸ”’",,
"Dollar General",176,262,"ğŸ”’","ğŸ”’","ğŸ”’","ğŸ”’",,
"Yili",177,216,"ğŸ”’","ğŸ”’","ğŸ”’","ğŸ”’",,
"DHL",178,180,"ğŸ”’","ğŸ”’","ğŸ”’","ğŸ”’",,
"Morgan Stanley",179,208,"ğŸ”’","ğŸ”’","ğŸ”’","ğŸ”’",,
"Sber",180,139,"ğŸ”’","ğŸ”’","ğŸ”’","ğŸ”’",,
"Nokia",181,181,"ğŸ”’","ğŸ”’","ğŸ”’","ğŸ”’",,
"Engie",182,165,"ğŸ”’","ğŸ”’","ğŸ”’","ğŸ”’",,
"Yahoo! Group",183,220,"ğŸ”’","ğŸ”’","ğŸ”’","ğŸ”’",,
"Xiaomi",184,319,"ğŸ”’","ğŸ”’","ğŸ”’","ğŸ”’",,
"Medtronic",185,190,"ğŸ”’","ğŸ”’","ğŸ”’","ğŸ”’",,
"China Overseas Land & Invest",186,258,"ğŸ”’","ğŸ”’","ğŸ”’","ğŸ”’",,
"EDF",187,203,"ğŸ”’","ğŸ”’","ğŸ”’","ğŸ”’",,
"Ferrari",188,206,"ğŸ”’","ğŸ”’","ğŸ”’","ğŸ”’",,
"stc",189,242,"ğŸ”’","ğŸ”’","ğŸ”’","ğŸ”’",,
"Purina",190,241,"ğŸ”’","ğŸ”’","ğŸ”’","ğŸ”’",,
"Airbus",191,131,"ğŸ”’","ğŸ”’","ğŸ”’","ğŸ”’",,
"7-Eleven",192,215,"ğŸ”’","ğŸ”’","ğŸ”’","ğŸ”’",,
"Poly Real Estate",193,204,"ğŸ”’","ğŸ”’","ğŸ”’","ğŸ”’",,
"BMO",194,189,"ğŸ”’","ğŸ”’","ğŸ”’","ğŸ”’",,
"Scotiabank",195,179,"ğŸ”’","ğŸ”’","ğŸ”’","ğŸ”’",,
"Barclays",196,172,"ğŸ”’","ğŸ”’","ğŸ”’","ğŸ”’",,
"Sky",197,197,"ğŸ”’","ğŸ”’","ğŸ”’","ğŸ”’",,
"Woolworths",198,235,"ğŸ”’","ğŸ”’","ğŸ”’","ğŸ”’",,
"Progressive",199,229,"ğŸ”’","ğŸ”’","ğŸ”’","ğŸ”’",,
"Equinor",200,187,"ğŸ”’","ğŸ”’","ğŸ”’","ğŸ”’",,
"Lexus",201,199,"ğŸ”’","ğŸ”’","ğŸ”’","ğŸ”’",,
"PICC",202,167,"ğŸ”’","ğŸ”’","ğŸ”’","ğŸ”’",,
"Japan Post Holdings",203,213,"ğŸ”’","ğŸ”’","ğŸ”’","ğŸ”’",,
"S&P Global",204,"-","ğŸ”’","ğŸ”’","ğŸ”’","ğŸ”’",,
"UBS",205,201,"ğŸ”’","ğŸ”’","ğŸ”’","ğŸ”’",,
"LIC",206,238,"ğŸ”’","ğŸ”’","ğŸ”’","ğŸ”’",,
"Gree",207,186,"ğŸ”’","ğŸ”’","ğŸ”’","ğŸ”’",,
"Etisalat",208,225,"ğŸ”’","ğŸ”’","ğŸ”’","ğŸ”’",,
"Eni",209,196,"ğŸ”’","ğŸ”’","ğŸ”’","ğŸ”’",,
"NBC",210,122,"ğŸ”’","ğŸ”’","ğŸ”’","ğŸ”’",,
"HP",211,202,"ğŸ”’","ğŸ”’","ğŸ”’","ğŸ”’",,
"Infosys",212,284,"ğŸ”’","ğŸ”’","ğŸ”’","ğŸ”’",,
"U.S. Bank",213,221,"ğŸ”’","ğŸ”’","ğŸ”’","ğŸ”’",,
"eBay",214,234,"ğŸ”’","ğŸ”’","ğŸ”’","ğŸ”’",,
"Metlife",215,253,"ğŸ”’","ğŸ”’","ğŸ”’","ğŸ”’",,
"Brookfield",216,276,"ğŸ”’","ğŸ”’","ğŸ”’","ğŸ”’",,
"Power China",217,251,"ğŸ”’","ğŸ”’","ğŸ”’","ğŸ”’",,
"LinkedIn",218,248,"ğŸ”’","ğŸ”’","ğŸ”’","ğŸ”’",,
"E.Leclerc",219,317,"ğŸ”’","ğŸ”’","ğŸ”’","ğŸ”’",,
"booking.com",220,177,"ğŸ”’","ğŸ”’","ğŸ”’","ğŸ”’",,
"Canon",221,193,"ğŸ”’","ğŸ”’","ğŸ”’","ğŸ”’",,
"Danone",222,249,"ğŸ”’","ğŸ”’","ğŸ”’","ğŸ”’",,
"Carrefour",223,211,"ğŸ”’","ğŸ”’","ğŸ”’","ğŸ”’",,
"Subway",224,243,"ğŸ”’","ğŸ”’","ğŸ”’","ğŸ”’",,
"Subaru",225,217,"ğŸ”’","ğŸ”’","ğŸ”’","ğŸ”’",,
"Red Bull",226,285,"ğŸ”’","ğŸ”’","ğŸ”’","ğŸ”’",,
"Reliance",227,266,"ğŸ”’","ğŸ”’","ğŸ”’","ğŸ”’",,
"ESPN",228,233,"ğŸ”’","ğŸ”’","ğŸ”’","ğŸ”’",,
"Nvidia",229,453,"ğŸ”’","ğŸ”’","ğŸ”’","ğŸ”’",,
"Publix",230,305,"ğŸ”’","ğŸ”’","ğŸ”’","ğŸ”’",,
"Cognizant",231,219,"ğŸ”’","ğŸ”’","ğŸ”’","ğŸ”’",,
"Truist",232,279,"ğŸ”’","ğŸ”’","ğŸ”’","ğŸ”’",,
"3M",233,210,"ğŸ”’","ğŸ”’","ğŸ”’","ğŸ”’",,
"HCA",234,212,"ğŸ”’","ğŸ”’","ğŸ”’","ğŸ”’",,
"Vinci",235,244,"ğŸ”’","ğŸ”’","ğŸ”’","ğŸ”’",,
"Travelers",236,283,"ğŸ”’","ğŸ”’","ğŸ”’","ğŸ”’",,
"Rolex",237,247,"ğŸ”’","ğŸ”’","ğŸ”’","ğŸ”’",,
"China Unicom",238,195,"ğŸ”’","ğŸ”’","ğŸ”’","ğŸ”’",,
"Caterpillar",239,347,"ğŸ”’","ğŸ”’","ğŸ”’","ğŸ”’",,
"John Deere",240,230,"ğŸ”’","ğŸ”’","ğŸ”’","ğŸ”’",,
"Movistar",241,185,"ğŸ”’","ğŸ”’","ğŸ”’","ğŸ”’",,
"Dior",242,298,"ğŸ”’","ğŸ”’","ğŸ”’","ğŸ”’",,
"Haier",243,254,"ğŸ”’","ğŸ”’","ğŸ”’","ğŸ”’",,
"DBS",244,224,"ğŸ”’","ğŸ”’","ğŸ”’","ğŸ”’",,
"Baidu",245,207,"ğŸ”’","ğŸ”’","ğŸ”’","ğŸ”’",,
"Rakuten",246,400,"ğŸ”’","ğŸ”’","ğŸ”’","ğŸ”’",,
"Zurich",247,231,"ğŸ”’","ğŸ”’","ğŸ”’","ğŸ”’",,
"Roche",248,260,"ğŸ”’","ğŸ”’","ğŸ”’","ğŸ”’",,
"Marubeni",249,178,"ğŸ”’","ğŸ”’","ğŸ”’","ğŸ”’",,
"BBVA",250,191,"ğŸ”’","ğŸ”’","ğŸ”’","ğŸ”’",,
"Fox",251,226,"ğŸ”’","ğŸ”’","ğŸ”’","ğŸ”’",,
"BNSF",252,264,"ğŸ”’","ğŸ”’","ğŸ”’","ğŸ”’",,
"Hilton",253,171,"ğŸ”’","ğŸ”’","ğŸ”’","ğŸ”’",,
"Generali Group",254,236,"ğŸ”’","ğŸ”’","ğŸ”’","ğŸ”’",,
"Rabobank",255,252,"ğŸ”’","ğŸ”’","ğŸ”’","ğŸ”’",,
"Gillette",256,223,"ğŸ”’","ğŸ”’","ğŸ”’","ğŸ”’",,
"Union Pacific",257,214,"ğŸ”’","ğŸ”’","ğŸ”’","ğŸ”’",,
"Philips",258,289,"ğŸ”’","ğŸ”’","ğŸ”’","ğŸ”’",,
"Sunac",259,263,"ğŸ”’","ğŸ”’","ğŸ”’","ğŸ”’",,
"Intesa Sanpaolo",260,320,"ğŸ”’","ğŸ”’","ğŸ”’","ğŸ”’",,
"BASF",261,246,"ğŸ”’","ğŸ”’","ğŸ”’","ğŸ”’",,
"Chubb",262,314,"ğŸ”’","ğŸ”’","ğŸ”’","ğŸ”’",,
"Bell",263,286,"ğŸ”’","ğŸ”’","ğŸ”’","ğŸ”’",,
"Merrill",264,288,"ğŸ”’","ğŸ”’","ğŸ”’","ğŸ”’",,
"Meituan",265,480,"ğŸ”’","ğŸ”’","ğŸ”’","ğŸ”’",,
"Canada Life",266,250,"ğŸ”’","ğŸ”’","ğŸ”’","ğŸ”’",,
"Pall Mall",267,342,"ğŸ”’","ğŸ”’","ğŸ”’","ğŸ”’",,
"Yanghe",268,255,"ğŸ”’","ğŸ”’","ğŸ”’","ğŸ”’",,
"CNBM",269,355,"ğŸ”’","ğŸ”’","ğŸ”’","ğŸ”’",,
"SF Express",270,461,"ğŸ”’","ğŸ”’","ğŸ”’","ğŸ”’",,
"Luzhou Laojiao",271,376,"ğŸ”’","ğŸ”’","ğŸ”’","ğŸ”’",,
"Northrop Grumman",272,267,"ğŸ”’","ğŸ”’","ğŸ”’","ğŸ”’",,
"Cigna",273,257,"ğŸ”’","ğŸ”’","ğŸ”’","ğŸ”’",,
"Telenor",274,334,"ğŸ”’","ğŸ”’","ğŸ”’","ğŸ”’",,
"CIBC",275,245,"ğŸ”’","ğŸ”’","ğŸ”’","ğŸ”’",,
"Land Rover",276,259,"ğŸ”’","ğŸ”’","ğŸ”’","ğŸ”’",,
"L&M",277,332,"ğŸ”’","ğŸ”’","ğŸ”’","ğŸ”’",,
"Allstate",278,205,"ğŸ”’","ğŸ”’","ğŸ”’","ğŸ”’",,
"Michelin",279,280,"ğŸ”’","ğŸ”’","ğŸ”’","ğŸ”’",,
"VMWARE",280,392,"ğŸ”’","ğŸ”’","ğŸ”’","ğŸ”’",,
"Aviva",281,274,"ğŸ”’","ğŸ”’","ğŸ”’","ğŸ”’",,
"Telstra",282,240,"ğŸ”’","ğŸ”’","ğŸ”’","ğŸ”’",,
"Nippon Life Insurance",283,296,"ğŸ”’","ğŸ”’","ğŸ”’","ğŸ”’",,
"Sherwin-Williams",284,326,"ğŸ”’","ğŸ”’","ğŸ”’","ğŸ”’",,
"Bridgestone",285,290,"ğŸ”’","ğŸ”’","ğŸ”’","ğŸ”’",,
"PNC",286,256,"ğŸ”’","ğŸ”’","ğŸ”’","ğŸ”’",,
"CNOOC",287,272,"ğŸ”’","ğŸ”’","ğŸ”’","ğŸ”’",,
"Pampers",288,328,"ğŸ”’","ğŸ”’","ğŸ”’","ğŸ”’",,
"CRRC",289,278,"ğŸ”’","ğŸ”’","ğŸ”’","ğŸ”’",,
"Capgemini",290,312,"ğŸ”’","ğŸ”’","ğŸ”’","ğŸ”’",,
"Playstation",291,275,"ğŸ”’","ğŸ”’","ğŸ”’","ğŸ”’",,
"Enterprise",292,269,"ğŸ”’","ğŸ”’","ğŸ”’","ğŸ”’",,
"Kellogg's",293,306,"ğŸ”’","ğŸ”’","ğŸ”’","ğŸ”’",,
"3",294,309,"ğŸ”’","ğŸ”’","ğŸ”’","ğŸ”’",,
"HDFC Bank",295,350,"ğŸ”’","ğŸ”’","ğŸ”’","ğŸ”’",,
"Aetna",296,228,"ğŸ”’","ğŸ”’","ğŸ”’","ğŸ”’",,
"Lay's",297,393,"ğŸ”’","ğŸ”’","ğŸ”’","ğŸ”’",,
"Commonwealth Bank",298,287,"ğŸ”’","ğŸ”’","ğŸ”’","ğŸ”’",,
"Broadcom",299,282,"ğŸ”’","ğŸ”’","ğŸ”’","ğŸ”’",,
"TJ Maxx",300,188,"ğŸ”’","ğŸ”’","ğŸ”’","ğŸ”’",,
"Asda",301,330,"ğŸ”’","ğŸ”’","ğŸ”’","ğŸ”’",,
"Mizuho Financial Group",302,308,"ğŸ”’","ğŸ”’","ğŸ”’","ğŸ”’",,
"Kroger",303,337,"ğŸ”’","ğŸ”’","ğŸ”’","ğŸ”’",,
"Gazprom",304,261,"ğŸ”’","ğŸ”’","ğŸ”’","ğŸ”’",,
"Daiwa House",305,329,"ğŸ”’","ğŸ”’","ğŸ”’","ğŸ”’",,
"Honeywell",306,271,"ğŸ”’","ğŸ”’","ğŸ”’","ğŸ”’",,
"Activision Blizzard",307,397,"ğŸ”’","ğŸ”’","ğŸ”’","ğŸ”’",,
"Tyson",308,227,"ğŸ”’","ğŸ”’","ğŸ”’","ğŸ”’",,
"MCC",309,362,"ğŸ”’","ğŸ”’","ğŸ”’","ğŸ”’",,
"Credit Suisse",310,294,"ğŸ”’","ğŸ”’","ğŸ”’","ğŸ”’",,
"Telus",311,315,"ğŸ”’","ğŸ”’","ğŸ”’","ğŸ”’",,
"Thermo Fisher Scientific",312,409,"ğŸ”’","ğŸ”’","ğŸ”’","ğŸ”’",,
"Best Buy",313,406,"ğŸ”’","ğŸ”’","ğŸ”’","ğŸ”’",,
"Youku",314,313,"ğŸ”’","ğŸ”’","ğŸ”’","ğŸ”’",,
"Raytheon Technologies",315,398,"ğŸ”’","ğŸ”’","ğŸ”’","ğŸ”’",,
"Poste Italiane",316,310,"ğŸ”’","ğŸ”’","ğŸ”’","ğŸ”’",,
"Nivea",317,268,"ğŸ”’","ğŸ”’","ğŸ”’","ğŸ”’",,
"Fubon Financial",318,379,"ğŸ”’","ğŸ”’","ğŸ”’","ğŸ”’",,
"Hikvision",319,297,"ğŸ”’","ğŸ”’","ğŸ”’","ğŸ”’",,
"El Corte InglÃ©s",320,402,"ğŸ”’","ğŸ”’","ğŸ”’","ğŸ”’",,
"QNB",321,344,"ğŸ”’","ğŸ”’","ğŸ”’","ğŸ”’",,
"Domino's Pizza",322,369,"ğŸ”’","ğŸ”’","ğŸ”’","ğŸ”’",,
"Airtel",323,472,"ğŸ”’","ğŸ”’","ğŸ”’","ğŸ”’",,
"20th Television",324,237,"ğŸ”’","ğŸ”’","ğŸ”’","ğŸ”’",,
"Viettel",325,357,"ğŸ”’","ğŸ”’","ğŸ”’","ğŸ”’",,
"Standard Chartered",326,366,"ğŸ”’","ğŸ”’","ğŸ”’","ğŸ”’",,
"TIM",327,273,"ğŸ”’","ğŸ”’","ğŸ”’","ğŸ”’",,
"KEPCO",328,265,"ğŸ”’","ğŸ”’","ğŸ”’","ğŸ”’",,
"NescafÃ©",329,338,"ğŸ”’","ğŸ”’","ğŸ”’","ğŸ”’",,
"Bouygues",330,365,"ğŸ”’","ğŸ”’","ğŸ”’","ğŸ”’",,
"Circle K",331,386,"ğŸ”’","ğŸ”’","ğŸ”’","ğŸ”’",,
"CBS",332,157,"ğŸ”’","ğŸ”’","ğŸ”’","ğŸ”’",,
"ABC",333,352,"ğŸ”’","ğŸ”’","ğŸ”’","ğŸ”’",,
"State Bank of India",334,325,"ğŸ”’","ğŸ”’","ğŸ”’","ğŸ”’",,
"Corona",335,239,"ğŸ”’","ğŸ”’","ğŸ”’","ğŸ”’",,
"Qualcomm",336,281,"ğŸ”’","ğŸ”’","ğŸ”’","ğŸ”’",,
"Taco Bell",337,388,"ğŸ”’","ğŸ”’","ğŸ”’","ğŸ”’",,
"Delta",338,200,"ğŸ”’","ğŸ”’","ğŸ”’","ğŸ”’",,
"BT",339,348,"ğŸ”’","ğŸ”’","ğŸ”’","ğŸ”’",,
"Valero",340,302,"ğŸ”’","ğŸ”’","ğŸ”’","ğŸ”’",,
"Dunkin'",341,399,"ğŸ”’","ğŸ”’","ğŸ”’","ğŸ”’",,
"Guerlain",342,368,"ğŸ”’","ğŸ”’","ğŸ”’","ğŸ”’",,
"EstÃ©e Lauder",343,333,"ğŸ”’","ğŸ”’","ğŸ”’","ğŸ”’",,
"Heineken",344,292,"ğŸ”’","ğŸ”’","ğŸ”’","ğŸ”’",,
"FIS",345,380,"ğŸ”’","ğŸ”’","ğŸ”’","ğŸ”’",,
"AutoZone",346,356,"ğŸ”’","ğŸ”’","ğŸ”’","ğŸ”’",,
"Coles",347,401,"ğŸ”’","ğŸ”’","ğŸ”’","ğŸ”’",,
"HPE",348,323,"ğŸ”’","ğŸ”’","ğŸ”’","ğŸ”’",,
"BAE Systems",349,438,"ğŸ”’","ğŸ”’","ğŸ”’","ğŸ”’",,
"Spotify",350,"-","ğŸ”’","ğŸ”’","ğŸ”’","ğŸ”’",,
"Discover",351,318,"ğŸ”’","ğŸ”’","ğŸ”’","ğŸ”’",,
"Pemex",352,295,"ğŸ”’","ğŸ”’","ğŸ”’","ğŸ”’",,
"HCL",353,424,"ğŸ”’","ğŸ”’","ğŸ”’","ğŸ”’",,
"Fresenius",354,335,"ğŸ”’","ğŸ”’","ğŸ”’","ğŸ”’",,
"O2",355,331,"ğŸ”’","ğŸ”’","ğŸ”’","ğŸ”’",,
"Jeep",356,"-","ğŸ”’","ğŸ”’","ğŸ”’","ğŸ”’",,
"Nintendo",357,389,"ğŸ”’","ğŸ”’","ğŸ”’","ğŸ”’",,
"China Post",358,277,"ğŸ”’","ğŸ”’","ğŸ”’","ğŸ”’",,
"Xbox",359,381,"ğŸ”’","ğŸ”’","ğŸ”’","ğŸ”’",,
"Lukoil",360,353,"ğŸ”’","ğŸ”’","ğŸ”’","ğŸ”’",,
"Whole Foods",361,432,"ğŸ”’","ğŸ”’","ğŸ”’","ğŸ”’",,
"Tiffany & Co.",362,345,"ğŸ”’","ğŸ”’","ğŸ”’","ğŸ”’",,
"CFLD",363,419,"ğŸ”’","ğŸ”’","ğŸ”’","ğŸ”’",,
"SFR",364,377,"ğŸ”’","ğŸ”’","ğŸ”’","ğŸ”’",,
"CJ Group",365,361,"ğŸ”’","ğŸ”’","ğŸ”’","ğŸ”’",,
"Lego",366,316,"ğŸ”’","ğŸ”’","ğŸ”’","ğŸ”’",,
"Unicharm Corp",367,430,"ğŸ”’","ğŸ”’","ğŸ”’","ğŸ”’",,
"Mahindra Group",368,363,"ğŸ”’","ğŸ”’","ğŸ”’","ğŸ”’",,
"Munich Re",369,450,"ğŸ”’","ğŸ”’","ğŸ”’","ğŸ”’",,
"Suning",370,299,"ğŸ”’","ğŸ”’","ğŸ”’","ğŸ”’",,
"Tokio Marine",371,410,"ğŸ”’","ğŸ”’","ğŸ”’","ğŸ”’",,
"American Airlines",372,209,"ğŸ”’","ğŸ”’","ğŸ”’","ğŸ”’",,
"Lenovo",373,391,"ğŸ”’","ğŸ”’","ğŸ”’","ğŸ”’",,
"CCCC",374,403,"ğŸ”’","ğŸ”’","ğŸ”’","ğŸ”’",,
"Chow Tai Fook",375,359,"ğŸ”’","ğŸ”’","ğŸ”’","ğŸ”’",,
"Swisscom",376,405,"ğŸ”’","ğŸ”’","ğŸ”’","ğŸ”’",,
"PTT",377,339,"ğŸ”’","ğŸ”’","ğŸ”’","ğŸ”’",,
"Pantene",378,378,"ğŸ”’","ğŸ”’","ğŸ”’","ğŸ”’",,
"Kia",379,"-","ğŸ”’","ğŸ”’","ğŸ”’","ğŸ”’",,
"McKinsey",380,364,"ğŸ”’","ğŸ”’","ğŸ”’","ğŸ”’",,
"Carmax",381,373,"ğŸ”’","ğŸ”’","ğŸ”’","ğŸ”’",,
"Iberdrola",382,433,"ğŸ”’","ğŸ”’","ğŸ”’","ğŸ”’",,
"Pizza Hut",383,387,"ğŸ”’","ğŸ”’","ğŸ”’","ğŸ”’",,
"Manulife",384,476,"ğŸ”’","ğŸ”’","ğŸ”’","ğŸ”’",,
"Dove",385,414,"ğŸ”’","ğŸ”’","ğŸ”’","ğŸ”’",,
"SociÃ©tÃ© GÃ©nÃ©rale",386,270,"ğŸ”’","ğŸ”’","ğŸ”’","ğŸ”’",,
"ItaÃº",387,301,"ğŸ”’","ğŸ”’","ğŸ”’","ğŸ”’",,
"Hua Xia Bank",388,"-","ğŸ”’","ğŸ”’","ğŸ”’","ğŸ”’",,
"CrÃ©dit Mutuel",389,426,"ğŸ”’","ğŸ”’","ğŸ”’","ğŸ”’",,
"ADP",390,322,"ğŸ”’","ğŸ”’","ğŸ”’","ğŸ”’",,
"Wrigley",391,418,"ğŸ”’","ğŸ”’","ğŸ”’","ğŸ”’",,
"Shinhan Financial Group",392,447,"ğŸ”’","ğŸ”’","ğŸ”’","ğŸ”’",,
"Sysco",393,367,"ğŸ”’","ğŸ”’","ğŸ”’","ğŸ”’",,
"General Dynamics",394,382,"ğŸ”’","ğŸ”’","ğŸ”’","ğŸ”’",,
"Clinique",395,336,"ğŸ”’","ğŸ”’","ğŸ”’","ğŸ”’",,
"United Airlines",396,232,"ğŸ”’","ğŸ”’","ğŸ”’","ğŸ”’",,
"Prudential (US)",397,307,"ğŸ”’","ğŸ”’","ğŸ”’","ğŸ”’",,
"BHP",398,358,"ğŸ”’","ğŸ”’","ğŸ”’","ğŸ”’",,
"AbbVie",399,"-","ğŸ”’","ğŸ”’","ğŸ”’","ğŸ”’",,
"Applied Materials",400,"-","ğŸ”’","ğŸ”’","ğŸ”’","ğŸ”’",,
"McKesson",401,444,"ğŸ”’","ğŸ”’","ğŸ”’","ğŸ”’",,
"Lloyds Bank",402,291,"ğŸ”’","ğŸ”’","ğŸ”’","ğŸ”’",,
"Centene Corporation",403,383,"ğŸ”’","ğŸ”’","ğŸ”’","ğŸ”’",,
"Swiss Re",404,293,"ğŸ”’","ğŸ”’","ğŸ”’","ğŸ”’",,
"Monster",405,464,"ğŸ”’","ğŸ”’","ğŸ”’","ğŸ”’",,
"CrÃ©dit Agricole",406,371,"ğŸ”’","ğŸ”’","ğŸ”’","ğŸ”’",,
"NatWest",407,349,"ğŸ”’","ğŸ”’","ğŸ”’","ğŸ”’",,
"Jio",408,"-","ğŸ”’","ğŸ”’","ğŸ”’","ğŸ”’",,
"Budweiser",409,324,"ğŸ”’","ğŸ”’","ğŸ”’","ğŸ”’",,
"Mengniu",410,395,"ğŸ”’","ğŸ”’","ğŸ”’","ğŸ”’",,
"Mercadona",411,465,"ğŸ”’","ğŸ”’","ğŸ”’","ğŸ”’",,
"Centurylink",412,477,"ğŸ”’","ğŸ”’","ğŸ”’","ğŸ”’",,
"E.ON",413,"-","ğŸ”’","ğŸ”’","ğŸ”’","ğŸ”’",,
"ABB",414,411,"ğŸ”’","ğŸ”’","ğŸ”’","ğŸ”’",,
"Zalando",415,"-","ğŸ”’","ğŸ”’","ğŸ”’","ğŸ”’",,
"COACH",416,303,"ğŸ”’","ğŸ”’","ğŸ”’","ğŸ”’",,
"Micron Technology",417,372,"ğŸ”’","ğŸ”’","ğŸ”’","ğŸ”’",,
"Hyatt",418,466,"ğŸ”’","ğŸ”’","ğŸ”’","ğŸ”’",,
"KB Financial Group",419,"-","ğŸ”’","ğŸ”’","ğŸ”’","ğŸ”’",,
"Rogers",420,375,"ğŸ”’","ğŸ”’","ğŸ”’","ğŸ”’",,
"Emirates",421,300,"ğŸ”’","ğŸ”’","ğŸ”’","ğŸ”’",,
"Claro",422,340,"ğŸ”’","ğŸ”’","ğŸ”’","ğŸ”’",,
"Danaher",423,"-","ğŸ”’","ğŸ”’","ğŸ”’","ğŸ”’",,
"The North Face",424,"-","ğŸ”’","ğŸ”’","ğŸ”’","ğŸ”’",,
"Express Scripts",425,420,"ğŸ”’","ğŸ”’","ğŸ”’","ğŸ”’",,
"ANZ",426,449,"ğŸ”’","ğŸ”’","ğŸ”’","ğŸ”’",,
"Daikin",427,455,"ğŸ”’","ğŸ”’","ğŸ”’","ğŸ”’",,
"Texas Instruments",428,460,"ğŸ”’","ğŸ”’","ğŸ”’","ğŸ”’",,
"Conch",429,"-","ğŸ”’","ğŸ”’","ğŸ”’","ğŸ”’",,
"Ross Dress For Less",430,321,"ğŸ”’","ğŸ”’","ğŸ”’","ğŸ”’",,
"OCBC Bank",431,428,"ğŸ”’","ğŸ”’","ğŸ”’","ğŸ”’",,
"Tide",432,"-","ğŸ”’","ğŸ”’","ğŸ”’","ğŸ”’",,
"BD",433,488,"ğŸ”’","ğŸ”’","ğŸ”’","ğŸ”’",,
"Geely",434,431,"ğŸ”’","ğŸ”’","ğŸ”’","ğŸ”’",,
"AIG",435,463,"ğŸ”’","ğŸ”’","ğŸ”’","ğŸ”’",,
"Haidilao",436,442,"ğŸ”’","ğŸ”’","ğŸ”’","ğŸ”’",,
"BUICK",437,456,"ğŸ”’","ğŸ”’","ğŸ”’","ğŸ”’",,
"Sprite",438,385,"ğŸ”’","ğŸ”’","ğŸ”’","ğŸ”’",,
"Bloomberg",439,415,"ğŸ”’","ğŸ”’","ğŸ”’","ğŸ”’",,
"New China Life (NCL)",440,"-","ğŸ”’","ğŸ”’","ğŸ”’","ğŸ”’",,
"Saint-Gobain",441,304,"ğŸ”’","ğŸ”’","ğŸ”’","ğŸ”’",,
"Bayer",442,404,"ğŸ”’","ğŸ”’","ğŸ”’","ğŸ”’",,
"McLane",443,351,"ğŸ”’","ğŸ”’","ğŸ”’","ğŸ”’",,
"SiriusXM",444,412,"ğŸ”’","ğŸ”’","ğŸ”’","ğŸ”’",,
"Cardinal Health",445,"-","ğŸ”’","ğŸ”’","ğŸ”’","ğŸ”’",,
"Marshalls",446,408,"ğŸ”’","ğŸ”’","ğŸ”’","ğŸ”’",,
"BOE",447,"-","ğŸ”’","ğŸ”’","ğŸ”’","ğŸ”’",,
"Electronic Arts",448,"-","ğŸ”’","ğŸ”’","ğŸ”’","ğŸ”’",,
"Telia",449,469,"ğŸ”’","ğŸ”’","ğŸ”’","ğŸ”’",,
"Indian Oil",450,416,"ğŸ”’","ğŸ”’","ğŸ”’","ğŸ”’",,
"BNY Mellon",451,"-","ğŸ”’","ğŸ”’","ğŸ”’","ğŸ”’",,
"AmerisourceBergen",452,"-","ğŸ”’","ğŸ”’","ğŸ”’","ğŸ”’",,
"Aflac",453,417,"ğŸ”’","ğŸ”’","ğŸ”’","ğŸ”’",,
"Safran",454,327,"ğŸ”’","ğŸ”’","ğŸ”’","ğŸ”’",,
"LENNAR",455,"-","ğŸ”’","ğŸ”’","ğŸ”’","ğŸ”’",,
"Servicenow",456,"-","ğŸ”’","ğŸ”’","ğŸ”’","ğŸ”’",,
"Wipro",457,492,"ğŸ”’","ğŸ”’","ğŸ”’","ğŸ”’",,
"GS Group",458,"-","ğŸ”’","ğŸ”’","ğŸ”’","ğŸ”’",,
"Blackrock",459,"-","ğŸ”’","ğŸ”’","ğŸ”’","ğŸ”’",,
"McCain",460,468,"ğŸ”’","ğŸ”’","ğŸ”’","ğŸ”’",,
"Sodexo",461,485,"ğŸ”’","ğŸ”’","ğŸ”’","ğŸ”’",,
"Yonghui Superstores",462,"-","ğŸ”’","ğŸ”’","ğŸ”’","ğŸ”’",,
"CNP Assurances",463,"-","ğŸ”’","ğŸ”’","ğŸ”’","ğŸ”’",,
"China Re",464,"-","ğŸ”’","ğŸ”’","ğŸ”’","ğŸ”’",,
"Cadillac",465,"-","ğŸ”’","ğŸ”’","ğŸ”’","ğŸ”’",,
"China Taiping",466,"-","ğŸ”’","ğŸ”’","ğŸ”’","ğŸ”’",,
"Anta",467,446,"ğŸ”’","ğŸ”’","ğŸ”’","ğŸ”’",,
"Logan",468,"-","ğŸ”’","ğŸ”’","ğŸ”’","ğŸ”’",,
"Emerson Electric",469,471,"ğŸ”’","ğŸ”’","ğŸ”’","ğŸ”’",,
"Gatorade",470,481,"ğŸ”’","ğŸ”’","ğŸ”’","ğŸ”’",,
"Victoria's Secret",471,396,"ğŸ”’","ğŸ”’","ğŸ”’","ğŸ”’",,
"La Poste",472,"-","ğŸ”’","ğŸ”’","ğŸ”’","ğŸ”’",,
"Bristol-Myers Squibb",473,"-","ğŸ”’","ğŸ”’","ğŸ”’","ğŸ”’",,
"Sainsbury's",474,"-","ğŸ”’","ğŸ”’","ğŸ”’","ğŸ”’",,
"BDO Global",475,"-","ğŸ”’","ğŸ”’","ğŸ”’","ğŸ”’",,
"Merck & Co",476,497,"ğŸ”’","ğŸ”’","ğŸ”’","ğŸ”’",,
"ASML",477,"-","ğŸ”’","ğŸ”’","ğŸ”’","ğŸ”’",,
"Nordea",478,441,"ğŸ”’","ğŸ”’","ğŸ”’","ğŸ”’",,
"Garnier",479,451,"ğŸ”’","ğŸ”’","ğŸ”’","ğŸ”’",,
"Canadian National Railway",480,425,"ğŸ”’","ğŸ”’","ğŸ”’","ğŸ”’",,
"Huggies",481,493,"ğŸ”’","ğŸ”’","ğŸ”’","ğŸ”’",,
"D.R. Horton",482,499,"ğŸ”’","ğŸ”’","ğŸ”’","ğŸ”’",,
"Fujitsu Group",483,"-","ğŸ”’","ğŸ”’","ğŸ”’","ğŸ”’",,
"Abbott",484,459,"ğŸ”’","ğŸ”’","ğŸ”’","ğŸ”’",,
"Tim Hortons",485,475,"ğŸ”’","ğŸ”’","ğŸ”’","ğŸ”’",,
"Maersk",486,"-","ğŸ”’","ğŸ”’","ğŸ”’","ğŸ”’",,
"Gujing Gong Jiu",487,"-","ğŸ”’","ğŸ”’","ğŸ”’","ğŸ”’",,
"HBO",488,"-","ğŸ”’","ğŸ”’","ğŸ”’","ğŸ”’",,
"Bank of Beijing",489,"-","ğŸ”’","ğŸ”’","ğŸ”’","ğŸ”’",,
"Cummins",490,"-","ğŸ”’","ğŸ”’","ğŸ”’","ğŸ”’",,
"Omega",491,"-","ğŸ”’","ğŸ”’","ğŸ”’","ğŸ”’",,
"Banco do Brasil",492,462,"ğŸ”’","ğŸ”’","ğŸ”’","ğŸ”’",,
"Victoria",493,457,"ğŸ”’","ğŸ”’","ğŸ”’","ğŸ”’",,
"Pfizer",494,"-","ğŸ”’","ğŸ”’","ğŸ”’","ğŸ”’",,
"SABIC",495,491,"ğŸ”’","ğŸ”’","ğŸ”’","ğŸ”’",,
"Head & Shoulders",496,496,"ğŸ”’","ğŸ”’","ğŸ”’","ğŸ”’",,
"Sompo Japan Nipponkoa",497,483,"ğŸ”’","ğŸ”’","ğŸ”’","ğŸ”’",,
"UOB",498,440,"ğŸ”’","ğŸ”’","ğŸ”’","ğŸ”’",,
"Edeka",499,"-","ğŸ”’","ğŸ”’","ğŸ”’","ğŸ”’",,
"MSCI",500,"-","ğŸ”’","ğŸ”’","ğŸ”’","ğŸ”’",,